{"cameraMode":{"drawMode":0,"name":"Shaded","section":"Shading Mode"},"sceneLighting":false,"audioPlay":false,"sceneViewState":{"showFog":true,"showMaterialUpdate":false,"showSkybox":false,"showFlares":true,"showImageEffects":true,"showParticleSystems":true},"in2DMode":false,"pivot":{"x":3.3754723072052,"y":-5.301087856292725,"z":9.174210548400879},"rotation":{"x":0.1314082145690918,"y":0.8314817547798157,"z":-0.2220834642648697,"w":0.49198952317237856},"size":10.356157302856446,"orthographic":false}