{"cameraMode":{"drawMode":0,"name":"Shaded","section":"Shading Mode"},"sceneLighting":true,"audioPlay":false,"sceneViewState":{"showFog":true,"showMaterialUpdate":false,"showSkybox":true,"showFlares":true,"showImageEffects":true,"showParticleSystems":true},"in2DMode":false,"pivot":{"x":0.05424690246582031,"y":0.7207498550415039,"z":5.397525787353516},"rotation":{"x":0.21704062819480897,"y":-0.3960781693458557,"z":0.09694299101829529,"w":0.8869315385818481},"size":10.274361610412598,"orthographic":false}